city_ibge_code,date,epidemiological_week,estimated_population,estimated_population_2019,is_last,is_repeated,last_available_confirmed,last_available_confirmed_per_100k_inhabitants,last_available_date,last_available_death_rate,last_available_deaths,order_for_place,place_type,new_confirmed,new_deaths,id_state
12,2020-03-17,202012,894470,881935,False,False,3,0.33539,2020-03-17,0.0,0,1,state,3,0,1
12,2020-03-18,202012,894470,881935,False,False,3,0.33539,2020-03-18,0.0,0,2,state,0,0,1
12,2020-03-19,202012,894470,881935,False,False,4,0.44719,2020-03-19,0.0,0,3,state,1,0,1
12,2020-03-20,202012,894470,881935,False,False,7,0.78259,2020-03-20,0.0,0,4,state,3,0,1
12,2020-03-21,202012,894470,881935,False,False,11,1.22978,2020-03-21,0.0,0,5,state,4,0,1
12,2020-03-22,202013,894470,881935,False,False,11,1.22978,2020-03-22,0.0,0,6,state,0,0,1
12,2020-03-23,202013,894470,881935,False,False,17,1.90057,2020-03-23,0.0,0,7,state,6,0,1
12,2020-03-24,202013,894470,881935,False,False,21,2.34776,2020-03-24,0.0,0,8,state,4,0,1
12,2020-03-25,202013,894470,881935,False,False,23,2.57136,2020-03-25,0.0,0,9,state,2,0,1
12,2020-03-26,202013,894470,881935,False,False,23,2.57136,2020-03-26,0.0,0,10,state,0,0,1
12,2020-03-27,202013,894470,881935,False,False,25,2.79495,2020-03-27,0.0,0,11,state,2,0,1
12,2020-03-28,202013,894470,881935,False,False,25,2.79495,2020-03-28,0.0,0,12,state,0,0,1
12,2020-03-29,202014,894470,881935,False,False,34,3.80113,2020-03-29,0.0,0,13,state,9,0,1
12,2020-03-30,202014,894470,881935,False,False,41,4.58372,2020-03-30,0.0,0,14,state,7,0,1
12,2020-03-31,202014,894470,881935,False,False,42,4.69552,2020-03-31,0.0,0,15,state,1,0,1
12,2020-04-01,202014,894470,881935,False,False,43,4.80732,2020-04-01,0.0,0,16,state,1,0,1
12,2020-04-02,202014,894470,881935,False,False,45,5.03091,2020-04-02,0.0,0,17,state,2,0,1
12,2020-04-03,202014,894470,881935,False,False,46,5.14271,2020-04-03,0.0,0,18,state,1,0,1
12,2020-04-04,202014,894470,881935,False,False,46,5.14271,2020-04-04,0.0,0,19,state,0,0,1
12,2020-04-05,202015,894470,881935,False,False,48,5.36631,2020-04-05,0.0,0,20,state,2,0,1
12,2020-04-06,202015,894470,881935,False,False,50,5.5899,2020-04-06,0.02,1,21,state,2,1,1
12,2020-04-07,202015,894470,881935,False,False,50,5.5899,2020-04-07,0.04,2,22,state,0,1,1
12,2020-04-08,202015,894470,881935,False,False,58,6.48429,2020-04-08,0.0345,2,23,state,8,0,1
12,2020-04-09,202015,894470,881935,False,False,62,6.93148,2020-04-09,0.0323,2,24,state,4,0,1
12,2020-04-10,202015,894470,881935,False,False,70,7.82586,2020-04-10,0.0286,2,25,state,8,0,1
12,2020-04-11,202015,894470,881935,False,False,72,8.04946,2020-04-11,0.0278,2,26,state,2,0,1
12,2020-04-12,202016,894470,881935,False,False,77,8.60845,2020-04-12,0.026,2,27,state,5,0,1
12,2020-04-13,202016,894470,881935,False,False,90,10.06182,2020-04-13,0.0333,3,28,state,13,1,1
12,2020-04-14,202016,894470,881935,False,False,99,11.06801,2020-04-14,0.0303,3,29,state,9,0,1
12,2020-04-15,202016,894470,881935,False,False,101,11.2916,2020-04-15,0.0396,4,30,state,2,1,1
12,2020-04-16,202016,894470,881935,False,False,115,12.85678,2020-04-16,0.0435,5,31,state,14,1,1
12,2020-04-17,202016,894470,881935,False,False,135,15.09274,2020-04-17,0.037,5,32,state,20,0,1
12,2020-04-18,202016,894470,881935,False,False,142,15.87532,2020-04-18,0.0423,6,33,state,7,1,1
12,2020-04-19,202017,894470,881935,False,False,163,18.22308,2020-04-19,0.0368,6,34,state,21,0,1
12,2020-04-20,202017,894470,881935,False,False,176,19.67646,2020-04-20,0.0455,8,35,state,13,2,1
12,2020-04-21,202017,894470,881935,False,False,195,21.80062,2020-04-21,0.041,8,36,state,19,0,1
12,2020-04-22,202017,894470,881935,False,False,214,23.92478,2020-04-22,0.0374,8,37,state,19,0,1
12,2020-04-23,202017,894470,881935,False,False,227,25.37816,2020-04-23,0.0441,10,38,state,13,2,1
12,2020-04-24,202017,894470,881935,False,False,234,26.16074,2020-04-24,0.047,11,39,state,7,1,1
12,2020-04-25,202017,894470,881935,False,False,258,28.8439,2020-04-25,0.0426,11,40,state,24,0,1
12,2020-04-26,202018,894470,881935,False,False,279,31.19166,2020-04-26,0.0394,11,41,state,21,0,1
12,2020-04-27,202018,894470,881935,False,False,301,33.65121,2020-04-27,0.0465,14,42,state,22,3,1
12,2020-04-28,202018,894470,881935,False,False,317,35.43998,2020-04-28,0.0505,16,43,state,16,2,1
12,2020-04-29,202018,894470,881935,False,False,354,39.57651,2020-04-29,0.0508,18,44,state,37,2,1
12,2020-04-30,202018,894470,881935,False,False,404,45.16641,2020-04-30,0.047,19,45,state,50,1,1
12,2020-05-01,202018,894470,881935,False,False,487,54.44565,2020-05-01,0.039,19,46,state,83,0,1
12,2020-05-02,202018,894470,881935,False,False,553,61.82432,2020-05-02,0.0398,22,47,state,66,3,1
12,2020-05-03,202019,894470,881935,False,False,658,73.56312,2020-05-03,0.038,25,48,state,105,3,1
12,2020-05-04,202019,894470,881935,False,False,733,81.94797,2020-05-04,0.0382,28,49,state,75,3,1
12,2020-05-05,202019,894470,881935,False,False,817,91.33901,2020-05-05,0.0355,29,50,state,84,1,1
12,2020-05-06,202019,894470,881935,False,False,943,105.42556,2020-05-06,0.0371,35,51,state,126,6,1
12,2020-05-07,202019,894470,881935,False,False,1014,113.36322,2020-05-07,0.0355,36,52,state,71,1,1
12,2020-05-08,202019,894470,881935,False,False,1177,131.5863,2020-05-08,0.0323,38,53,state,163,2,1
12,2020-05-09,202019,894470,881935,False,False,1335,149.25039,2020-05-09,0.03,40,54,state,158,2,1
12,2020-05-10,202020,894470,881935,False,False,1447,161.77178,2020-05-10,0.0283,41,55,state,112,1,1
12,2020-05-11,202020,894470,881935,False,False,1460,163.22515,2020-05-11,0.0301,44,56,state,13,3,1
12,2020-05-12,202020,894470,881935,False,False,1590,177.7589,2020-05-12,0.0321,51,57,state,130,7,1
12,2020-05-13,202020,894470,881935,False,False,1694,189.38589,2020-05-13,0.0307,52,58,state,104,1,1
12,2020-05-14,202020,894470,881935,False,False,1740,194.5286,2020-05-14,0.0316,55,59,state,46,3,1
12,2020-05-15,202020,894470,881935,False,False,1785,199.55952,2020-05-15,0.0319,57,60,state,45,2,1
12,2020-05-16,202020,894470,881935,False,False,1867,208.72696,2020-05-16,0.0316,59,61,state,82,2,1
12,2020-05-17,202021,894470,881935,False,False,1996,223.1489,2020-05-17,0.0311,62,62,state,129,3,1
12,2020-05-18,202021,894470,881935,False,False,2234,249.75684,2020-05-18,0.03,67,63,state,238,5,1
12,2020-05-19,202021,894470,881935,False,False,2482,277.48276,2020-05-19,0.0294,73,64,state,248,6,1
12,2020-05-20,202021,894470,881935,False,False,2817,314.9351,2020-05-20,0.0266,75,65,state,335,2,1
12,2020-05-21,202021,894470,881935,False,False,3103,346.90934,2020-05-21,0.0251,78,66,state,286,3,1
12,2020-05-22,202021,894470,881935,False,False,3343,373.74087,2020-05-22,0.0239,80,67,state,240,2,1
12,2020-05-23,202021,894470,881935,False,False,3867,432.32305,2020-05-23,0.0225,87,68,state,524,7,1
12,2020-05-24,202022,894470,881935,False,False,4160,465.07988,2020-05-24,0.0221,92,69,state,293,5,1
12,2020-05-25,202022,894470,881935,False,False,4501,503.20301,2020-05-25,0.0216,97,70,state,341,5,1
12,2020-05-26,202022,894470,881935,False,False,4781,534.50647,2020-05-26,0.022,105,71,state,280,8,1
12,2020-05-27,202022,894470,881935,False,False,5251,587.05155,2020-05-27,0.0215,113,72,state,470,8,1
12,2020-05-28,202022,894470,881935,False,False,5600,626.06907,2020-05-28,0.0218,122,73,state,349,9,1
12,2020-05-29,202022,894470,881935,False,False,5841,653.0124,2020-05-29,0.0231,135,74,state,241,13,1
12,2020-05-30,202022,894470,881935,False,False,6072,678.83775,2020-05-30,0.0234,142,75,state,231,7,1
12,2020-05-31,202023,894470,881935,False,False,6219,695.27206,2020-05-31,0.0238,148,76,state,147,6,1
12,2020-06-01,202023,894470,881935,False,False,6326,707.23445,2020-06-01,0.0255,161,77,state,107,13,1
12,2020-06-02,202023,894470,881935,False,False,6465,722.77438,2020-06-02,0.0255,165,78,state,139,4,1
12,2020-06-03,202023,894470,881935,False,False,6679,746.69916,2020-06-03,0.0256,171,79,state,214,6,1
12,2020-06-04,202023,894470,881935,False,False,7021,784.9341,2020-06-04,0.0258,181,80,state,342,10,1
12,2020-06-05,202023,894470,881935,False,False,7284,814.33698,2020-06-05,0.0261,190,81,state,263,9,1
12,2020-06-06,202023,894470,881935,False,False,7525,841.28031,2020-06-06,0.0267,201,82,state,241,11,1
12,2020-06-07,202024,894470,881935,False,False,7983,892.48382,2020-06-07,0.0259,207,83,state,458,6,1
12,2020-06-08,202024,894470,881935,False,False,8127,908.58274,2020-06-08,0.026,211,84,state,144,4,1
12,2020-06-09,202024,894470,881935,False,False,8457,945.47609,2020-06-09,0.0264,223,85,state,330,12,1
12,2020-06-10,202024,894470,881935,False,False,8746,977.78573,2020-06-10,0.0271,237,86,state,289,14,1
12,2020-06-11,202024,894470,881935,False,False,9091,1016.35605,2020-06-11,0.0269,245,87,state,345,8,1
12,2020-06-12,202024,894470,881935,False,False,9295,1039.16286,2020-06-12,0.0273,254,88,state,204,9,1
12,2020-06-13,202024,894470,881935,False,False,9534,1065.88259,2020-06-13,0.0269,256,89,state,239,2,1
12,2020-06-14,202025,894470,881935,False,False,9642,1077.95678,2020-06-14,0.0269,259,90,state,108,3,1
12,2020-06-15,202025,894470,881935,False,False,9771,1092.37873,2020-06-15,0.0271,265,91,state,129,6,1
12,2020-06-16,202025,894470,881935,False,False,10003,1118.31587,2020-06-16,0.0271,271,92,state,232,6,1
12,2020-06-17,202025,894470,881935,False,False,10339,1155.88002,2020-06-17,0.0272,281,93,state,336,10,1
12,2020-06-18,202025,894470,881935,False,False,10664,1192.21438,2020-06-18,0.0269,287,94,state,325,6,1
12,2020-06-19,202025,894470,881935,False,False,10987,1228.32515,2020-06-19,0.0266,292,95,state,323,5,1
12,2020-06-20,202025,894470,881935,False,False,11263,1259.18141,2020-06-20,0.0264,297,96,state,276,5,1
12,2020-06-21,202026,894470,881935,False,False,11381,1272.37358,2020-06-21,0.0264,300,97,state,118,3,1
12,2020-06-22,202026,894470,881935,False,False,11539,1290.03768,2020-06-22,0.0264,305,98,state,158,5,1
12,2020-06-23,202026,894470,881935,False,False,11810,1320.33495,2020-06-23,0.0272,321,99,state,271,16,1
12,2020-06-24,202026,894470,881935,False,False,12022,1344.03613,2020-06-24,0.0271,326,100,state,212,5,1
12,2020-06-25,202026,894470,881935,False,False,12304,1375.56318,2020-06-25,0.0272,335,101,state,282,9,1
12,2020-06-26,202026,894470,881935,False,False,12644,1413.57452,2020-06-26,0.0271,343,102,state,340,8,1
12,2020-06-27,202026,894470,881935,False,False,12913,1443.64819,2020-06-27,0.0272,351,103,state,269,8,1
12,2020-06-28,202027,894470,881935,False,False,13058,1459.85891,2020-06-28,0.027,353,104,state,145,2,1
12,2020-06-29,202027,894470,881935,False,False,13146,1469.69714,2020-06-29,0.0275,361,105,state,88,8,1
12,2020-06-30,202027,894470,881935,False,False,13253,1481.65953,2020-06-30,0.0275,365,106,state,107,4,1
12,2020-07-01,202027,894470,881935,False,False,13715,1533.31023,2020-07-01,0.027,370,107,state,462,5,1
12,2020-07-02,202027,894470,881935,False,False,14048,1570.53898,2020-07-02,0.0269,378,108,state,333,8,1
12,2020-07-03,202027,894470,881935,False,False,14112,1577.69405,2020-07-03,0.0274,387,109,state,64,9,1
12,2020-07-04,202027,894470,881935,False,False,14487,1619.61832,2020-07-04,0.027,391,110,state,375,4,1
12,2020-07-05,202028,894470,881935,False,False,14622,1634.71106,2020-07-05,0.0267,391,111,state,135,0,1
12,2020-07-06,202028,894470,881935,False,False,14688,1642.08973,2020-07-06,0.0268,394,112,state,66,3,1
12,2020-07-07,202028,894470,881935,False,False,14941,1670.37464,2020-07-07,0.0267,399,113,state,253,5,1
12,2020-07-08,202028,894470,881935,False,False,15167,1695.64099,2020-07-08,0.0266,404,114,state,226,5,1
12,2020-07-09,202028,894470,881935,False,False,15465,1728.95681,2020-07-09,0.0266,411,115,state,298,7,1
12,2020-07-10,202028,894470,881935,False,False,15768,1762.83162,2020-07-10,0.0264,417,116,state,303,6,1
12,2020-07-11,202028,894470,881935,False,False,16080,1797.71261,2020-07-11,0.0261,419,117,state,312,2,1
12,2020-07-12,202029,894470,881935,False,False,16190,1810.0104,2020-07-12,0.0263,426,118,state,110,7,1
12,2020-07-13,202029,894470,881935,False,False,16260,1817.83626,2020-07-13,0.0264,430,119,state,70,4,1
12,2020-07-14,202029,894470,881935,False,False,16479,1842.32003,2020-07-14,0.0265,436,120,state,219,6,1
12,2020-07-15,202029,894470,881935,False,False,16672,1863.89706,2020-07-15,0.0268,446,121,state,193,10,1
12,2020-07-16,202029,894470,881935,False,False,16865,1885.47408,2020-07-16,0.0265,447,122,state,193,1,1
12,2020-07-17,202029,894470,881935,False,False,16965,1896.65388,2020-07-17,0.0266,452,123,state,100,5,1
12,2020-07-18,202029,894470,881935,False,False,17202,1923.15002,2020-07-18,0.0266,457,124,state,237,5,1
12,2020-07-19,202030,894470,881935,False,False,17295,1933.54724,2020-07-19,0.0266,460,125,state,93,3,1
12,2020-07-20,202030,894470,881935,False,False,17462,1952.21751,2020-07-20,0.0266,465,126,state,167,5,1
12,2020-07-21,202030,894470,881935,False,False,17700,1978.82545,2020-07-21,0.0265,469,127,state,238,4,1
12,2020-07-22,202030,894470,881935,False,False,17979,2010.01711,2020-07-22,0.0261,470,128,state,279,1,1
12,2020-07-23,202030,894470,881935,False,False,18157,2029.91716,2020-07-23,0.0261,474,129,state,178,4,1
12,2020-07-24,202030,894470,881935,False,False,18393,2056.3015,2020-07-24,0.0261,480,130,state,236,6,1
12,2020-07-25,202030,894470,881935,False,False,18657,2085.81618,2020-07-25,0.0259,483,131,state,264,3,1
12,2020-07-26,202031,894470,881935,False,False,18745,2095.65441,2020-07-26,0.0259,486,132,state,88,3,1
12,2020-07-27,202031,894470,881935,False,False,18783,2099.90274,2020-07-27,0.0262,493,133,state,38,7,1
12,2020-07-28,202031,894470,881935,False,False,19132,2138.92025,2020-07-28,0.0261,500,134,state,349,7,1
12,2020-07-29,202031,894470,881935,False,False,19366,2165.081,2020-07-29,0.0263,510,135,state,234,10,1
12,2020-07-30,202031,894470,881935,False,False,19573,2188.22319,2020-07-30,0.0266,521,136,state,207,11,1
12,2020-07-31,202031,894470,881935,False,False,19625,2194.03669,2020-07-31,0.0271,531,137,state,52,10,1
12,2020-08-01,202031,894470,881935,False,False,19930,2228.1351,2020-08-01,0.0268,535,138,state,305,4,1
12,2020-08-02,202032,894470,881935,False,False,19966,2232.15983,2020-08-02,0.0269,537,139,state,36,2,1
12,2020-08-03,202032,894470,881935,False,False,20339,2273.8605,2020-08-03,0.0265,539,140,state,373,2,1
12,2020-08-04,202032,894470,881935,False,False,20710,2315.33757,2020-08-04,0.0263,545,141,state,371,6,1
12,2020-08-05,202032,894470,881935,False,False,21033,2351.44834,2020-08-05,0.026,547,142,state,323,2,1
12,2020-08-06,202032,894470,881935,False,False,21263,2377.16189,2020-08-06,0.026,552,143,state,230,5,1
12,2020-08-07,202032,894470,881935,False,False,21376,2389.79507,2020-08-07,0.026,556,144,state,113,4,1
12,2020-08-08,202032,894470,881935,False,False,21498,2403.43444,2020-08-08,0.026,559,145,state,122,3,1
12,2020-08-09,202033,894470,881935,False,False,21587,2413.38446,2020-08-09,0.026,561,146,state,89,2,1
12,2020-08-10,202033,894470,881935,False,False,21619,2416.962,2020-08-10,0.026,562,147,state,32,1,1
12,2020-08-11,202033,894470,881935,False,False,21757,2432.39013,2020-08-11,0.026,565,148,state,138,3,1
12,2020-08-12,202033,894470,881935,False,False,21993,2458.77447,2020-08-12,0.0259,569,149,state,236,4,1
12,2020-08-13,202033,894470,881935,False,False,22242,2486.61218,2020-08-13,0.0258,574,150,state,249,5,1
12,2020-08-14,202033,894470,881935,False,False,22435,2508.18921,2020-08-14,0.0257,576,151,state,193,2,1
12,2020-08-15,202033,894470,881935,False,False,22516,2517.24485,2020-08-15,0.0256,576,152,state,81,0,1
12,2020-08-16,202034,894470,881935,False,False,22548,2520.82239,2020-08-16,0.0255,576,153,state,32,0,1
12,2020-08-17,202034,894470,881935,False,False,22605,2527.19488,2020-08-17,0.0257,582,154,state,57,6,1
12,2020-08-18,202034,894470,881935,False,False,22933,2563.86463,2020-08-18,0.0257,590,155,state,328,8,1
12,2020-08-19,202034,894470,881935,False,False,23146,2587.67762,2020-08-19,0.0255,591,156,state,213,1,1
12,2020-08-20,202034,894470,881935,False,False,23322,2607.35408,2020-08-20,0.0255,595,157,state,176,4,1
12,2020-08-21,202034,894470,881935,False,False,23337,2609.03105,2020-08-21,0.0256,598,158,state,15,3,1
12,2020-08-22,202034,894470,881935,False,False,23665,2645.70081,2020-08-22,0.0253,598,159,state,328,0,1
12,2020-08-23,202035,894470,881935,False,False,23719,2651.7379,2020-08-23,0.0253,600,160,state,54,2,1
12,2020-08-24,202035,894470,881935,False,False,23729,2652.85588,2020-08-24,0.0255,604,161,state,10,4,1
12,2020-08-25,202035,894470,881935,False,False,23936,2675.99808,2020-08-25,0.0254,607,162,state,207,3,1
12,2020-08-26,202035,894470,881935,False,False,24119,2696.45712,2020-08-26,0.0252,607,163,state,183,0,1
12,2020-08-27,202035,894470,881935,False,False,24269,2713.22683,2020-08-27,0.025,607,164,state,150,0,1
12,2020-08-28,202035,894470,881935,False,False,24462,2734.80385,2020-08-28,0.0249,608,165,state,193,1,1
12,2020-08-29,202035,894470,881935,False,False,24601,2750.34378,2020-08-29,0.0247,608,166,state,139,0,1
12,2020-08-30,202036,894470,881935,False,False,24638,2754.48031,2020-08-30,0.0247,609,167,state,37,1,1
12,2020-08-31,202036,894470,881935,False,False,24647,2755.48649,2020-08-31,0.0248,612,168,state,9,3,1
12,2020-09-01,202036,894470,881935,False,False,24840,2777.06351,2020-09-01,0.0248,616,169,state,193,4,1
12,2020-09-02,202036,894470,881935,False,False,25027,2797.96975,2020-09-02,0.0247,618,170,state,187,2,1
12,2020-09-03,202036,894470,881935,False,False,25135,2810.04394,2020-09-03,0.0247,622,171,state,108,4,1
12,2020-09-04,202036,894470,881935,False,False,25249,2822.78891,2020-09-04,0.0247,623,172,state,114,1,1
12,2020-09-05,202036,894470,881935,False,False,25408,2840.5648,2020-09-05,0.0246,624,173,state,159,1,1
12,2020-09-06,202037,894470,881935,False,False,25443,2844.47774,2020-09-06,0.0245,624,174,state,35,0,1
12,2020-09-07,202037,894470,881935,False,False,25469,2847.38448,2020-09-07,0.0245,624,175,state,26,0,1
12,2020-09-08,202037,894470,881935,False,False,25494,2850.17944,2020-09-08,0.0247,630,176,state,25,6,1
12,2020-09-09,202037,894470,881935,False,False,25668,2869.6323,2020-09-09,0.0246,631,177,state,174,1,1
12,2020-09-10,202037,894470,881935,False,False,25877,2892.99809,2020-09-10,0.0245,635,178,state,209,4,1
12,2020-09-11,202037,894470,881935,False,False,26004,2907.19644,2020-09-11,0.0245,636,179,state,127,1,1
12,2020-09-12,202037,894470,881935,False,False,26148,2923.29536,2020-09-12,0.0244,637,180,state,144,1,1
12,2020-09-13,202038,894470,881935,False,False,26166,2925.30772,2020-09-13,0.0245,640,181,state,18,3,1
12,2020-09-14,202038,894470,881935,False,False,26176,2926.4257,2020-09-14,0.0244,640,182,state,10,0,1
12,2020-09-15,202038,894470,881935,False,False,26287,2938.83529,2020-09-15,0.0244,642,183,state,111,2,1
12,2020-09-16,202038,894470,881935,False,False,26463,2958.51174,2020-09-16,0.0243,643,184,state,176,1,1
12,2020-09-17,202038,894470,881935,False,False,26716,2986.79665,2020-09-17,0.0242,646,185,state,253,3,1
12,2020-09-18,202038,894470,881935,False,False,26942,3012.06301,2020-09-18,0.024,647,186,state,226,1,1
12,2020-09-19,202038,894470,881935,False,False,27061,3025.36698,2020-09-19,0.0239,648,187,state,119,1,1
12,2020-09-20,202039,894470,881935,False,False,27079,3027.37934,2020-09-20,0.024,649,188,state,18,1,1
12,2020-09-21,202039,894470,881935,False,False,27106,3030.39789,2020-09-21,0.0239,649,189,state,27,0,1
12,2020-09-22,202039,894470,881935,False,False,27246,3046.04962,2020-09-22,0.0239,651,190,state,140,2,1
12,2020-09-23,202039,894470,881935,False,False,27397,3062.93112,2020-09-23,0.0238,652,191,state,151,1,1
12,2020-09-24,202039,894470,881935,False,False,27556,3080.70701,2020-09-24,0.0237,653,192,state,159,1,1
12,2020-09-25,202039,894470,881935,False,False,27710,3097.92391,2020-09-25,0.0236,654,193,state,154,1,1
12,2020-09-26,202039,894470,881935,False,False,27859,3114.58182,2020-09-26,0.0235,656,194,state,149,2,1
12,2020-09-27,202040,894470,881935,False,False,27874,3116.25879,2020-09-27,0.0236,657,195,state,15,1,1
12,2020-09-28,202040,894470,881935,False,False,27885,3117.48857,2020-09-28,0.0236,657,196,state,11,0,1
12,2020-09-29,202040,894470,881935,False,False,28030,3133.69929,2020-09-29,0.0234,657,197,state,145,0,1
12,2020-09-30,202040,894470,881935,False,False,28222,3155.16451,2020-09-30,0.0234,659,198,state,192,2,1
12,2020-10-01,202040,894470,881935,False,False,28409,3176.07075,2020-10-01,0.0233,661,199,state,187,2,1
12,2020-10-02,202040,894470,881935,False,False,28555,3192.39326,2020-10-02,0.0233,664,200,state,146,3,1
12,2020-10-03,202040,894470,881935,False,False,28662,3204.35565,2020-10-03,0.0233,667,201,state,107,3,1
12,2020-10-04,202041,894470,881935,False,False,28672,3205.47363,2020-10-04,0.0233,667,202,state,10,0,1
12,2020-10-05,202041,894470,881935,False,False,28687,3207.1506,2020-10-05,0.0233,667,203,state,15,0,1
12,2020-10-06,202041,894470,881935,False,False,28805,3220.34277,2020-10-06,0.0232,668,204,state,118,1,1
12,2020-10-07,202041,894470,881935,False,False,28818,3221.79615,2020-10-07,0.0232,668,205,state,13,0,1
12,2020-10-08,202041,894470,881935,False,False,28834,3223.58492,2020-10-08,0.0232,669,206,state,16,1,1
12,2020-10-09,202041,894470,881935,False,False,29017,3244.04396,2020-10-09,0.0232,674,207,state,183,5,1
12,2020-10-10,202041,894470,881935,False,False,29031,3245.60913,2020-10-10,0.0232,674,208,state,14,0,1
12,2020-10-11,202042,894470,881935,False,False,29050,3247.73329,2020-10-11,0.0232,674,209,state,19,0,1
12,2020-10-12,202042,894470,881935,False,False,29063,3249.18667,2020-10-12,0.0232,675,210,state,13,1,1
12,2020-10-13,202042,894470,881935,False,False,29272,3272.55246,2020-10-13,0.0231,675,211,state,209,0,1
12,2020-10-14,202042,894470,881935,False,False,29301,3275.7946,2020-10-14,0.0231,676,212,state,29,1,1
12,2020-10-15,202042,894470,881935,False,False,29406,3287.5334,2020-10-15,0.023,677,213,state,105,1,1
12,2020-10-16,202042,894470,881935,False,False,29598,3308.99862,2020-10-16,0.0229,679,214,state,192,2,1
12,2020-10-17,202042,894470,881935,False,False,29693,3319.61944,2020-10-17,0.0229,679,215,state,95,0,1
12,2020-10-18,202043,894470,881935,False,False,29718,3322.41439,2020-10-18,0.0228,679,216,state,25,0,1
12,2020-10-19,202043,894470,881935,False,False,29765,3327.6689,2020-10-19,0.0228,679,217,state,47,0,1
12,2020-10-20,202043,894470,881935,False,False,29865,3338.8487,2020-10-20,0.0228,682,218,state,100,3,1
12,2020-10-21,202043,894470,881935,False,False,29925,3345.55659,2020-10-21,0.0228,682,219,state,60,0,1
12,2020-10-22,202043,894470,881935,False,False,30028,3357.07179,2020-10-22,0.0228,685,220,state,103,3,1
12,2020-10-23,202043,894470,881935,False,False,30121,3367.469,2020-10-23,0.0228,686,221,state,93,1,1
12,2020-10-24,202043,894470,881935,False,False,30217,3378.20162,2020-10-24,0.0227,686,222,state,96,0,1
12,2020-10-25,202044,894470,881935,False,False,30304,3387.92805,2020-10-25,0.0227,687,223,state,87,1,1
12,2020-10-26,202044,894470,881935,False,False,30317,3389.38142,2020-10-26,0.0227,689,224,state,13,2,1
12,2020-10-27,202044,894470,881935,False,False,30380,3396.4247,2020-10-27,0.0227,690,225,state,63,1,1
12,2020-10-28,202044,894470,881935,False,False,30545,3414.87138,2020-10-28,0.0226,691,226,state,165,1,1
12,2020-10-29,202044,894470,881935,False,False,30638,3425.26859,2020-10-29,0.0226,692,227,state,93,1,1
12,2020-10-30,202044,894470,881935,False,False,30758,3438.68436,2020-10-30,0.0225,693,228,state,120,1,1
12,2020-10-31,202044,894470,881935,False,False,30796,3442.93269,2020-10-31,0.0225,693,229,state,38,0,1
12,2020-11-01,202045,894470,881935,False,False,30951,3460.26138,2020-11-01,0.0224,693,230,state,155,0,1
12,2020-11-02,202045,894470,881935,False,False,30954,3460.59678,2020-11-02,0.0224,693,231,state,3,0,1
12,2020-11-03,202045,894470,881935,False,False,30962,3461.49116,2020-11-03,0.0224,695,232,state,8,2,1
12,2020-11-04,202045,894470,881935,False,False,31218,3490.11146,2020-11-04,0.0223,696,233,state,256,1,1
12,2020-11-05,202045,894470,881935,False,False,31248,3493.4654,2020-11-05,0.0223,697,234,state,30,1,1
12,2020-11-06,202045,894470,881935,False,False,31326,3502.18565,2020-11-06,0.0222,697,235,state,78,0,1
12,2020-11-07,202045,894470,881935,False,False,31575,3530.02337,2020-11-07,0.0221,699,236,state,249,2,1
12,2020-11-08,202046,894470,881935,False,False,31707,3544.78071,2020-11-08,0.022,699,237,state,132,0,1
12,2020-11-09,202046,894470,881935,False,False,31788,3553.83635,2020-11-09,0.0221,701,238,state,81,2,1
12,2020-11-10,202046,894470,881935,False,False,31926,3569.26448,2020-11-10,0.0221,704,239,state,138,3,1
12,2020-11-11,202046,894470,881935,False,False,32113,3590.17072,2020-11-11,0.022,705,240,state,187,1,1
12,2020-11-12,202046,894470,881935,False,False,32515,3635.11353,2020-11-12,0.0217,707,241,state,402,2,1
12,2020-11-13,202046,894470,881935,False,False,32661,3651.43605,2020-11-13,0.0216,707,242,state,146,0,1
12,2020-11-14,202046,894470,881935,False,False,32991,3688.3294,2020-11-14,0.0215,708,243,state,330,1,1
12,2020-11-15,202047,894470,881935,False,False,33156,3706.77608,2020-11-15,0.0214,708,244,state,165,0,1
12,2020-11-16,202047,894470,881935,False,False,33295,3722.31601,2020-11-16,0.0213,708,245,state,139,0,1
12,2020-11-17,202047,894470,881935,False,False,33475,3742.43966,2020-11-17,0.0212,709,246,state,180,1,1
12,2020-11-18,202047,894470,881935,False,False,33725,3770.38917,2020-11-18,0.021,709,247,state,250,0,1
12,2020-11-19,202047,894470,881935,False,False,33976,3798.45048,2020-11-19,0.0209,710,248,state,251,1,1
12,2020-11-20,202047,894470,881935,False,False,34246,3828.63595,2020-11-20,0.0208,711,249,state,270,1,1
12,2020-11-21,202047,894470,881935,False,False,34435,3849.76578,2020-11-21,0.0207,713,250,state,189,2,1
12,2020-11-22,202048,894470,881935,False,False,34626,3871.11921,2020-11-22,0.0206,713,251,state,191,0,1
12,2020-11-23,202048,894470,881935,False,False,34849,3896.05017,2020-11-23,0.0205,714,252,state,223,1,1
12,2020-11-24,202048,894470,881935,False,False,35053,3918.85698,2020-11-24,0.0204,715,253,state,204,1,1
12,2020-11-25,202048,894470,881935,False,False,35188,3933.94971,2020-11-25,0.0205,721,254,state,135,6,1
12,2020-11-26,202048,894470,881935,False,False,35304,3946.91829,2020-11-26,0.0205,722,255,state,116,1,1
12,2020-11-27,202048,894470,881935,False,False,35756,3997.451,2020-11-27,0.0202,722,256,state,452,0,1
12,2020-11-28,202048,894470,881935,False,False,35920,4015.78588,2020-11-28,0.0201,723,257,state,164,1,1
12,2020-11-29,202049,894470,881935,False,False,36080,4033.67357,2020-11-29,0.02,723,258,state,160,0,1
12,2020-11-30,202049,894470,881935,False,False,36259,4053.68542,2020-11-30,0.0199,723,259,state,179,0,1
12,2020-12-01,202049,894470,881935,False,False,36563,4087.67203,2020-12-01,0.0199,726,260,state,304,3,1
12,2020-12-02,202049,894470,881935,False,False,36746,4108.13107,2020-12-02,0.0198,727,261,state,183,1,1
12,2020-12-03,202049,894470,881935,False,False,36899,4125.23617,2020-12-03,0.0198,730,262,state,153,3,1
12,2020-12-04,202049,894470,881935,False,False,37152,4153.52108,2020-12-04,0.0197,731,263,state,253,1,1
12,2020-12-05,202049,894470,881935,False,False,37277,4167.49584,2020-12-05,0.0196,732,264,state,125,1,1
12,2020-12-06,202050,894470,881935,False,False,37321,4172.41495,2020-12-06,0.0196,732,265,state,44,0,1
12,2020-12-07,202050,894470,881935,False,False,37428,4184.37734,2020-12-07,0.0197,736,266,state,107,4,1
12,2020-12-08,202050,894470,881935,False,False,37556,4198.68749,2020-12-08,0.0196,737,267,state,128,1,1
12,2020-12-09,202050,894470,881935,False,False,37672,4211.65606,2020-12-09,0.0197,742,268,state,116,5,1
12,2020-12-10,202050,894470,881935,False,False,37902,4237.36962,2020-12-10,0.0196,744,269,state,230,2,1
12,2020-12-11,202050,894470,881935,False,False,38150,4265.09553,2020-12-11,0.0196,747,270,state,248,3,1
12,2020-12-12,202050,894470,881935,False,False,38363,4288.90852,2020-12-12,0.0195,749,271,state,213,2,1
12,2020-12-13,202051,894470,881935,False,False,38412,4294.38662,2020-12-13,0.0195,750,272,state,49,1,1
12,2020-12-14,202051,894470,881935,False,False,38628,4318.535,2020-12-14,0.0195,753,273,state,216,3,1
12,2020-12-15,202051,894470,881935,False,False,38712,4327.92603,2020-12-15,0.0195,755,274,state,84,2,1
12,2020-12-16,202051,894470,881935,False,False,38938,4353.19239,2020-12-16,0.0194,756,275,state,226,1,1
12,2020-12-17,202051,894470,881935,False,False,39166,4378.68235,2020-12-17,0.0193,756,276,state,228,0,1
12,2020-12-18,202051,894470,881935,False,False,39341,4398.24701,2020-12-18,0.0192,757,277,state,175,1,1
12,2020-12-19,202051,894470,881935,False,False,39869,4457.27638,2020-12-19,0.019,758,278,state,528,1,1
12,2020-12-20,202052,894470,881935,False,False,39996,4471.47473,2020-12-20,0.0191,765,279,state,127,7,1
12,2020-12-21,202052,894470,881935,False,False,40249,4499.75963,2020-12-21,0.0191,767,280,state,253,2,1
12,2020-12-22,202052,894470,881935,False,False,40314,4507.02651,2020-12-22,0.0191,769,281,state,65,2,1
12,2020-12-23,202052,894470,881935,False,False,40399,4516.52934,2020-12-23,0.0192,776,282,state,85,7,1
12,2020-12-24,202052,894470,881935,False,False,40638,4543.24907,2020-12-24,0.0192,779,283,state,239,3,1
12,2020-12-25,202052,894470,881935,False,False,40723,4552.75191,2020-12-25,0.0192,780,284,state,85,1,1
12,2020-12-26,202052,894470,881935,False,False,40736,4554.20528,2020-12-26,0.0191,780,285,state,13,0,1
12,2020-12-27,202053,894470,881935,False,False,40900,4572.54016,2020-12-27,0.0192,785,286,state,164,5,1
12,2020-12-28,202053,894470,881935,False,False,41010,4584.83795,2020-12-28,0.0192,789,287,state,110,4,1
12,2020-12-29,202053,894470,881935,False,False,41232,4609.65712,2020-12-29,0.0192,791,288,state,222,2,1
12,2020-12-30,202053,894470,881935,False,False,41355,4623.40828,2020-12-30,0.0192,793,289,state,123,2,1
12,2020-12-31,202053,894470,881935,False,False,41620,4653.03476,2020-12-31,0.0191,795,290,state,265,2,1
12,2021-01-01,202053,894470,881935,False,False,41689,4660.74882,2021-01-01,0.0191,796,291,state,69,1,1
12,2021-01-02,202053,894470,881935,False,False,41941,4688.92193,2021-01-02,0.019,798,292,state,252,2,1
12,2021-01-03,202101,894470,881935,False,False,42046,4700.66073,2021-01-03,0.0191,802,293,state,105,4,1
12,2021-01-04,202101,894470,881935,False,False,42117,4708.59839,2021-01-04,0.0191,806,294,state,71,4,1
12,2021-01-05,202101,894470,881935,False,False,42170,4714.52368,2021-01-05,0.0192,808,295,state,53,2,1
12,2021-01-06,202101,894470,881935,False,False,42378,4737.77768,2021-01-06,0.0192,814,296,state,208,6,1
12,2021-01-07,202101,894470,881935,False,False,42478,4748.95748,2021-01-07,0.0193,821,297,state,100,7,1
12,2021-01-08,202101,894470,881935,False,False,42814,4786.52163,2021-01-08,0.0192,823,298,state,336,2,1
12,2021-01-09,202101,894470,881935,False,False,42908,4797.03064,2021-01-09,0.0192,823,299,state,94,0,1
12,2021-01-10,202102,894470,881935,False,False,43127,4821.51442,2021-01-10,0.0191,825,300,state,219,2,1
12,2021-01-11,202102,894470,881935,False,False,43346,4845.99819,2021-01-11,0.0191,826,301,state,219,1,1
12,2021-01-12,202102,894470,881935,False,False,43432,4855.61282,2021-01-12,0.019,827,302,state,86,1,1
12,2021-01-13,202102,894470,881935,False,False,43785,4895.07753,2021-01-13,0.0189,829,303,state,353,2,1
12,2021-01-14,202102,894470,881935,False,False,44068,4926.71638,2021-01-14,0.0189,832,304,state,283,3,1
12,2021-01-15,202102,894470,881935,False,False,44156,4936.55461,2021-01-15,0.0189,835,305,state,88,3,1
12,2021-01-16,202102,894470,881935,False,False,44621,4988.5407,2021-01-16,0.0187,835,306,state,465,0,1
12,2021-01-17,202103,894470,881935,False,False,44767,5004.86322,2021-01-17,0.0187,836,307,state,146,1,1
12,2021-01-18,202103,894470,881935,False,False,44775,5005.7576,2021-01-18,0.0187,837,308,state,8,1,1
12,2021-01-19,202103,894470,881935,False,False,45208,5054.16615,2021-01-19,0.0186,839,309,state,433,2,1
12,2021-01-20,202103,894470,881935,False,False,45429,5078.87352,2021-01-20,0.0185,840,310,state,221,1,1
12,2021-01-21,202103,894470,881935,False,False,45729,5112.41294,2021-01-21,0.0185,844,311,state,300,4,1
12,2021-01-22,202103,894470,881935,False,False,45987,5141.25683,2021-01-22,0.0184,846,312,state,258,2,1
12,2021-01-23,202103,894470,881935,False,False,46239,5169.42994,2021-01-23,0.0183,848,313,state,252,2,1
12,2021-01-24,202104,894470,881935,False,False,46429,5190.67157,2021-01-24,0.0183,850,314,state,190,2,1
12,2021-01-25,202104,894470,881935,False,False,46539,5202.96936,2021-01-25,0.0184,854,315,state,110,4,1
12,2021-01-26,202104,894470,881935,False,False,46774,5229.2419,2021-01-26,0.0183,856,316,state,235,2,1
12,2021-01-27,202104,894470,881935,False,False,47119,5267.81222,2021-01-27,0.0182,858,317,state,345,2,1
12,2021-01-28,202104,894470,881935,False,False,47461,5306.04716,2021-01-28,0.0181,860,318,state,342,2,1
12,2021-01-29,202104,894470,881935,False,False,47936,5359.15123,2021-01-29,0.018,861,319,state,475,1,1
12,2021-01-30,202104,894470,881935,False,False,48347,5405.10023,2021-01-30,0.0179,864,320,state,411,3,1
12,2021-01-31,202105,894470,881935,False,False,48467,5418.51599,2021-01-31,0.0179,867,321,state,120,3,1
12,2021-02-01,202105,894470,881935,False,False,48820,5457.9807,2021-02-01,0.0179,873,322,state,353,6,1
12,2021-02-02,202105,894470,881935,False,False,49049,5483.58246,2021-02-02,0.0179,876,323,state,229,3,1
12,2021-02-03,202105,894470,881935,False,False,49547,5539.25788,2021-02-03,0.0177,879,324,state,498,3,1
12,2021-02-04,202105,894470,881935,False,False,49944,5583.64171,2021-02-04,0.0177,882,325,state,397,3,1
12,2021-02-05,202105,894470,881935,False,False,50122,5603.54176,2021-02-05,0.0176,884,326,state,178,2,1
12,2021-02-06,202105,894470,881935,False,False,50454,5640.65871,2021-02-06,0.0176,886,327,state,332,2,1
12,2021-02-07,202106,894470,881935,False,False,50546,5650.94413,2021-02-07,0.0176,888,328,state,92,2,1
12,2021-02-08,202106,894470,881935,False,False,50694,5667.49025,2021-02-08,0.0176,893,329,state,148,5,1
12,2021-02-09,202106,894470,881935,False,False,51269,5731.77412,2021-02-09,0.0176,900,330,state,575,7,1
12,2021-02-10,202106,894470,881935,False,False,51679,5777.61132,2021-02-10,0.0175,902,331,state,410,2,1
12,2021-02-11,202106,894470,881935,False,False,52172,5832.72776,2021-02-11,0.0174,907,332,state,493,5,1
12,2021-02-12,202106,894470,881935,False,False,52548,5874.76383,2021-02-12,0.0173,910,333,state,376,3,1
12,2021-02-13,202106,894470,881935,False,False,52920,5916.3527,2021-02-13,0.0173,917,334,state,372,7,1
12,2021-02-14,202107,894470,881935,False,False,53027,5928.31509,2021-02-14,0.0174,921,335,state,107,4,1
12,2021-02-15,202107,894470,881935,False,False,53455,5976.16466,2021-02-15,0.0174,931,336,state,428,10,1
12,2021-02-16,202107,894470,881935,False,False,53590,5991.25739,2021-02-16,0.0174,932,337,state,135,1,1
12,2021-02-17,202107,894470,881935,False,False,53892,6025.0204,2021-02-17,0.0174,940,338,state,302,8,1
12,2021-02-18,202107,894470,881935,False,False,54130,6051.62834,2021-02-18,0.0175,948,339,state,238,8,1
12,2021-02-19,202107,894470,881935,False,False,54562,6099.9251,2021-02-19,0.0174,951,340,state,432,3,1
12,2021-02-20,202107,894470,881935,False,False,54743,6120.16054,2021-02-20,0.0175,957,341,state,181,6,1
12,2021-02-21,202108,894470,881935,False,False,54786,6124.96786,2021-02-21,0.0176,963,342,state,43,6,1
12,2021-02-22,202108,894470,881935,False,False,54969,6145.4269,2021-02-22,0.0176,968,343,state,183,5,1
12,2021-02-23,202108,894470,881935,False,False,55590,6214.85349,2021-02-23,0.0175,973,344,state,621,5,1
12,2021-02-24,202108,894470,881935,False,False,55881,6247.38672,2021-02-24,0.0174,975,345,state,291,2,1
12,2021-02-25,202108,894470,881935,False,False,56257,6289.42279,2021-02-25,0.0175,982,346,state,376,7,1
12,2021-02-26,202108,894470,881935,False,False,56731,6342.41506,2021-02-26,0.0174,986,347,state,474,4,1
12,2021-02-27,202108,894470,881935,False,False,57337,6410.16468,2021-02-27,0.0174,996,348,state,606,10,1
12,2021-02-28,202109,894470,881935,False,False,57534,6432.18889,2021-02-28,0.0173,998,349,state,197,2,1
12,2021-03-01,202109,894470,881935,False,False,57894,6472.43619,2021-03-01,0.0175,1012,350,state,360,14,1
12,2021-03-02,202109,894470,881935,False,False,58081,6493.34243,2021-03-02,0.0176,1020,351,state,187,8,1
12,2021-03-03,202109,894470,881935,False,False,58506,6540.8566,2021-03-03,0.0176,1030,352,state,425,10,1
12,2021-03-04,202109,894470,881935,False,False,58884,6583.11626,2021-03-04,0.0176,1037,353,state,378,7,1
12,2021-03-05,202109,894470,881935,False,False,59500,6651.98386,2021-03-05,0.0176,1047,354,state,616,10,1
12,2021-03-06,202109,894470,881935,False,False,60070,6715.70874,2021-03-06,0.0175,1054,355,state,570,7,1
12,2021-03-07,202110,894470,881935,False,False,60288,6740.08072,2021-03-07,0.0176,1063,356,state,218,9,1
12,2021-03-08,202110,894470,881935,False,False,60656,6781.2224,2021-03-08,0.0176,1066,357,state,368,3,1
12,2021-03-09,202110,894470,881935,False,False,60721,6788.48927,2021-03-09,0.0176,1071,358,state,65,5,1
12,2021-03-10,202110,894470,881935,False,False,61121,6833.20849,2021-03-10,0.0177,1083,359,state,400,12,1
12,2021-03-11,202110,894470,881935,False,False,61394,6863.72936,2021-03-11,0.0178,1094,360,state,273,11,1
12,2021-03-12,202110,894470,881935,False,False,61709,6898.94574,2021-03-12,0.0179,1106,361,state,315,12,1
12,2021-03-13,202110,894470,881935,False,False,62332,6968.59593,2021-03-13,0.0179,1116,362,state,623,10,1
12,2021-03-14,202111,894470,881935,False,False,62620,7000.79377,2021-03-14,0.0179,1122,363,state,288,6,1
12,2021-03-15,202111,894470,881935,False,False,62940,7036.56914,2021-03-15,0.0179,1129,364,state,320,7,1
12,2021-03-16,202111,894470,881935,False,False,63378,7085.53669,2021-03-16,0.018,1140,365,state,438,11,1
12,2021-03-17,202111,894470,881935,False,False,63721,7123.88342,2021-03-17,0.018,1144,366,state,343,4,1
12,2021-03-18,202111,894470,881935,False,False,64234,7181.23582,2021-03-18,0.018,1156,367,state,513,12,1
12,2021-03-19,202111,894470,881935,False,False,64878,7253.23376,2021-03-19,0.018,1168,368,state,644,12,1
12,2021-03-20,202111,894470,881935,False,False,65275,7297.61758,2021-03-20,0.018,1176,369,state,397,8,1
12,2021-03-21,202112,894470,881935,False,False,65446,7316.73505,2021-03-21,0.018,1181,370,state,171,5,1
12,2021-03-22,202112,894470,881935,False,False,65959,7374.08745,2021-03-22,0.018,1190,371,state,513,9,1
12,2021-03-23,202112,894470,881935,False,False,66290,7411.0926,2021-03-23,0.0181,1201,372,state,331,11,1
12,2021-03-24,202112,894470,881935,False,False,66744,7461.84892,2021-03-24,0.0181,1210,373,state,454,9,1
12,2021-03-25,202112,894470,881935,False,False,67292,7523.11425,2021-03-25,0.0181,1217,374,state,548,7,1
12,2021-03-26,202112,894470,881935,False,False,67777,7577.3363,2021-03-26,0.0181,1224,375,state,485,7,1
12,2021-03-27,202112,894470,881935,False,False,68575,7666.55114,2021-03-27,0.0179,1229,376,state,798,5,1
12,2021-03-28,202113,894470,881935,False,False,68742,7685.22142,2021-03-28,0.018,1234,377,state,167,5,1
12,2021-03-29,202113,894470,881935,False,False,68905,7703.4445,2021-03-29,0.018,1240,378,state,163,6,1
12,2021-03-30,202113,894470,881935,False,False,69103,7725.58051,2021-03-30,0.0181,1253,379,state,198,13,1
12,2021-03-31,202113,894470,881935,False,False,69657,7787.51663,2021-03-31,0.0181,1262,380,state,554,9,1
12,2021-04-01,202113,894470,881935,False,False,69988,7824.52178,2021-04-01,0.0181,1269,381,state,331,7,1
12,2021-04-02,202113,894470,881935,False,False,70851,7921.0035,2021-04-02,0.0181,1280,382,state,863,11,1
12,2021-04-03,202113,894470,881935,False,False,71062,7944.59289,2021-04-03,0.0181,1284,383,state,211,4,1
12,2021-04-04,202114,894470,881935,False,False,71157,7955.2137,2021-04-04,0.0181,1291,384,state,95,7,1
12,2021-04-05,202114,894470,881935,False,False,71330,7974.55476,2021-04-05,0.0182,1298,385,state,173,7,1
12,2021-04-06,202114,894470,881935,False,False,71420,7984.61659,2021-04-06,0.0183,1306,386,state,90,8,1
12,2021-04-07,202114,894470,881935,False,False,71880,8036.04369,2021-04-07,0.0183,1318,387,state,460,12,1
12,2021-04-08,202114,894470,881935,False,False,72403,8094.51407,2021-04-08,0.0183,1325,388,state,523,7,1
12,2021-04-09,202114,894470,881935,False,False,72897,8149.74231,2021-04-09,0.0183,1334,389,state,494,9,1
12,2021-04-10,202114,894470,881935,False,False,73275,8192.00197,2021-04-10,0.0183,1339,390,state,378,5,1
12,2021-04-11,202115,894470,881935,False,False,73425,8208.77167,2021-04-11,0.0183,1343,391,state,150,4,1
12,2021-04-12,202115,894470,881935,False,False,73613,8229.78971,2021-04-12,0.0184,1353,392,state,188,10,1
12,2021-04-13,202115,894470,881935,False,False,74007,8273.83814,2021-04-13,0.0185,1367,393,state,394,14,1
12,2021-04-14,202115,894470,881935,False,False,74533,8332.64391,2021-04-14,0.0184,1374,394,state,526,7,1
12,2021-04-15,202115,894470,881935,False,False,74664,8347.28946,2021-04-15,0.0185,1383,395,state,131,9,1
12,2021-04-16,202115,894470,881935,False,False,75047,8390.10811,2021-04-16,0.0186,1395,396,state,383,12,1
12,2021-04-17,202115,894470,881935,False,False,75334,8422.19415,2021-04-17,0.0187,1405,397,state,287,10,1
12,2021-04-18,202116,894470,881935,False,False,75405,8430.13181,2021-04-18,0.0188,1418,398,state,71,13,1
12,2021-04-19,202116,894470,881935,False,False,75599,8451.82063,2021-04-19,0.019,1433,399,state,194,15,1
12,2021-04-20,202116,894470,881935,False,False,75640,8456.40435,2021-04-20,0.0191,1445,400,state,41,12,1
12,2021-04-21,202116,894470,881935,False,False,75879,8483.12408,2021-04-21,0.0191,1449,401,state,239,4,1
12,2021-04-22,202116,894470,881935,False,False,76212,8520.35283,2021-04-22,0.0191,1458,402,state,333,9,1
12,2021-04-23,202116,894470,881935,False,False,76376,8538.68771,2021-04-23,0.0192,1465,403,state,164,7,1
12,2021-04-24,202116,894470,881935,False,False,76603,8564.06587,2021-04-24,0.0193,1476,404,state,227,11,1
12,2021-04-25,202117,894470,881935,False,False,76747,8580.16479,2021-04-25,0.0193,1480,405,state,144,4,1
12,2021-04-26,202117,894470,881935,False,False,76971,8605.20755,2021-04-26,0.0193,1488,406,state,224,8,1
12,2021-04-27,202117,894470,881935,False,False,77146,8624.77221,2021-04-27,0.0194,1500,407,state,175,12,1
12,2021-04-28,202117,894470,881935,False,False,77298,8641.76551,2021-04-28,0.0196,1517,408,state,152,17,1
12,2021-04-29,202117,894470,881935,False,False,77535,8668.26165,2021-04-29,0.0197,1525,409,state,237,8,1
12,2021-04-30,202117,894470,881935,False,False,77803,8698.22353,2021-04-30,0.0197,1529,410,state,268,4,1
12,2021-05-01,202117,894470,881935,False,False,78016,8722.03651,2021-05-01,0.0197,1534,411,state,213,5,1
12,2021-05-02,202118,894470,881935,False,False,78152,8737.24105,2021-05-02,0.0198,1546,412,state,136,12,1
12,2021-05-03,202118,894470,881935,False,False,78325,8756.58211,2021-05-03,0.0198,1552,413,state,173,6,1
12,2021-05-04,202118,894470,881935,False,False,78440,8769.43889,2021-05-04,0.0198,1555,414,state,115,3,1
12,2021-05-05,202118,894470,881935,False,False,78610,8788.44455,2021-05-05,0.0199,1563,415,state,170,8,1
12,2021-05-06,202118,894470,881935,False,False,78889,8819.63621,2021-05-06,0.0199,1568,416,state,279,5,1
12,2021-05-07,202118,894470,881935,False,False,79100,8843.2256,2021-05-07,0.0199,1575,417,state,211,7,1
12,2021-05-08,202118,894470,881935,False,False,79276,8862.90205,2021-05-08,0.02,1585,418,state,176,10,1
12,2021-05-09,202119,894470,881935,False,False,79351,8871.28691,2021-05-09,0.02,1589,419,state,75,4,1
12,2021-05-10,202119,894470,881935,False,False,79476,8885.26166,2021-05-10,0.0201,1596,420,state,125,7,1
12,2021-05-11,202119,894470,881935,False,False,79510,8889.0628,2021-05-11,0.0201,1599,421,state,34,3,1
12,2021-05-12,202119,894470,881935,False,False,79718,8912.31679,2021-05-12,0.0201,1601,422,state,208,2,1
12,2021-05-13,202119,894470,881935,False,False,79955,8938.81293,2021-05-13,0.0201,1607,423,state,237,6,1
12,2021-05-14,202119,894470,881935,False,False,80177,8963.63209,2021-05-14,0.0201,1608,424,state,222,1,1
12,2021-05-15,202119,894470,881935,False,False,80338,8981.63158,2021-05-15,0.0201,1612,425,state,161,4,1
12,2021-05-16,202120,894470,881935,False,False,80399,8988.45126,2021-05-16,0.0201,1614,426,state,61,2,1
12,2021-05-17,202120,894470,881935,False,False,80561,9006.56255,2021-05-17,0.0201,1620,427,state,162,6,1
12,2021-05-18,202120,894470,881935,False,False,80590,9009.80469,2021-05-18,0.0202,1625,428,state,29,5,1
12,2021-05-19,202120,894470,881935,False,False,80688,9020.7609,2021-05-19,0.0202,1631,429,state,98,6,1
12,2021-05-20,202120,894470,881935,False,False,80797,9032.94688,2021-05-20,0.0202,1632,430,state,109,1,1
12,2021-05-21,202120,894470,881935,False,False,81235,9081.91443,2021-05-21,0.0201,1632,431,state,438,0,1
12,2021-05-22,202120,894470,881935,False,False,81348,9094.54761,2021-05-22,0.0201,1633,432,state,113,1,1
12,2021-05-23,202121,894470,881935,False,False,81413,9101.81448,2021-05-23,0.0201,1635,433,state,65,2,1
12,2021-05-24,202121,894470,881935,False,False,81505,9112.0999,2021-05-24,0.0201,1642,434,state,92,7,1
12,2021-05-25,202121,894470,881935,False,False,81651,9128.42242,2021-05-25,0.0202,1649,435,state,146,7,1
12,2021-05-26,202121,894470,881935,False,False,81850,9150.67023,2021-05-26,0.0202,1652,436,state,199,3,1
12,2021-05-27,202121,894470,881935,False,False,81980,9165.20398,2021-05-27,0.0202,1652,437,state,130,0,1
12,2021-05-28,202121,894470,881935,False,False,82149,9184.09785,2021-05-28,0.0201,1655,438,state,169,3,1
12,2021-05-29,202121,894470,881935,False,False,82207,9190.58213,2021-05-29,0.0202,1657,439,state,58,2,1
12,2021-05-30,202122,894470,881935,False,False,82478,9220.8794,2021-05-30,0.0201,1659,440,state,271,2,1
12,2021-05-31,202122,894470,881935,False,False,82524,9226.02211,2021-05-31,0.0201,1662,441,state,46,3,1
12,2021-06-01,202122,894470,881935,False,False,82581,9232.3946,2021-06-01,0.0202,1669,442,state,57,7,1
12,2021-06-02,202122,894470,881935,False,False,82753,9251.62387,2021-06-02,0.0203,1676,443,state,172,7,1
12,2021-06-03,202122,894470,881935,False,False,82937,9272.19471,2021-06-03,0.0203,1680,444,state,184,4,1
12,2021-06-04,202122,894470,881935,False,False,83123,9292.98914,2021-06-04,0.0202,1682,445,state,186,2,1
12,2021-06-05,202122,894470,881935,False,False,83240,9306.06952,2021-06-05,0.0203,1686,446,state,117,4,1
12,2021-06-06,202123,894470,881935,False,False,83306,9313.44819,2021-06-06,0.0203,1690,447,state,66,4,1
12,2021-06-07,202123,894470,881935,False,False,83350,9318.3673,2021-06-07,0.0203,1692,448,state,44,2,1
12,2021-06-08,202123,894470,881935,False,False,83409,9324.96339,2021-06-08,0.0203,1697,449,state,59,5,1
12,2021-06-09,202123,894470,881935,False,False,83473,9332.11846,2021-06-09,0.0203,1697,450,state,64,0,1
12,2021-06-10,202123,894470,881935,False,False,83665,9353.58369,2021-06-10,0.0203,1699,451,state,192,2,1
12,2021-06-11,202123,894470,881935,False,False,84039,9395.39616,2021-06-11,0.0202,1701,452,state,374,2,1
12,2021-06-12,202123,894470,881935,False,False,84104,9402.66303,2021-06-12,0.0203,1707,453,state,65,6,1
12,2021-06-13,202124,894470,881935,False,False,84174,9410.48889,2021-06-13,0.0203,1712,454,state,70,5,1
12,2021-06-14,202124,894470,881935,False,False,84337,9428.71197,2021-06-14,0.0204,1719,455,state,163,7,1
12,2021-06-15,202124,894470,881935,False,False,84404,9436.20244,2021-06-15,0.0204,1721,456,state,67,2,1
12,2021-06-16,202124,894470,881935,False,False,84450,9441.34515,2021-06-16,0.0204,1723,457,state,46,2,1
12,2021-06-17,202124,894470,881935,False,False,84487,9445.48168,2021-06-17,0.0204,1725,458,state,37,2,1
12,2021-06-18,202124,894470,881935,False,False,84687,9467.84129,2021-06-18,0.0204,1728,459,state,200,3,1
12,2021-06-19,202124,894470,881935,False,False,84812,9481.81605,2021-06-19,0.0204,1729,460,state,125,1,1
12,2021-06-20,202125,894470,881935,False,False,84849,9485.95258,2021-06-20,0.0204,1730,461,state,37,1,1
12,2021-06-21,202125,894470,881935,False,False,84918,9493.66664,2021-06-21,0.0204,1732,462,state,69,2,1
12,2021-06-22,202125,894470,881935,False,False,84937,9495.7908,2021-06-22,0.0204,1734,463,state,19,2,1
12,2021-06-23,202125,894470,881935,False,False,85043,9507.6414,2021-06-23,0.0204,1734,464,state,106,0,1
12,2021-06-24,202125,894470,881935,False,False,85128,9517.14423,2021-06-24,0.0204,1735,465,state,85,1,1
12,2021-06-25,202125,894470,881935,False,False,85273,9533.35495,2021-06-25,0.0204,1736,466,state,145,1,1
12,2021-06-26,202125,894470,881935,False,False,85383,9545.65273,2021-06-26,0.0203,1736,467,state,110,0,1
12,2021-06-27,202126,894470,881935,False,False,85463,9554.59658,2021-06-27,0.0203,1736,468,state,80,0,1
12,2021-06-28,202126,894470,881935,False,False,85496,9558.28591,2021-06-28,0.0203,1736,469,state,33,0,1
12,2021-06-29,202126,894470,881935,False,False,85526,9561.63985,2021-06-29,0.0203,1738,470,state,30,2,1
12,2021-06-30,202126,894470,881935,False,False,85556,9564.9938,2021-06-30,0.0203,1738,471,state,30,0,1
12,2021-07-01,202126,894470,881935,False,False,85736,9585.11744,2021-07-01,0.0203,1741,472,state,180,3,1
12,2021-07-02,202126,894470,881935,False,False,85797,9591.93712,2021-07-02,0.0203,1742,473,state,61,1,1
12,2021-07-03,202126,894470,881935,False,False,85871,9600.21018,2021-07-03,0.0203,1746,474,state,74,4,1
12,2021-07-04,202127,894470,881935,False,False,85897,9603.11693,2021-07-04,0.0204,1752,475,state,26,6,1
12,2021-07-05,202127,894470,881935,False,False,85983,9612.73156,2021-07-05,0.0204,1757,476,state,86,5,1
12,2021-07-06,202127,894470,881935,False,False,85997,9614.29673,2021-07-06,0.0205,1760,477,state,14,3,1
12,2021-07-07,202127,894470,881935,False,False,86120,9628.04789,2021-07-07,0.0204,1761,478,state,123,1,1
12,2021-07-08,202127,894470,881935,False,False,86296,9647.72435,2021-07-08,0.0204,1761,479,state,176,0,1
12,2021-07-09,202127,894470,881935,False,False,86400,9659.35135,2021-07-09,0.0204,1764,480,state,104,3,1
12,2021-07-10,202127,894470,881935,False,False,86454,9665.38844,2021-07-10,0.0204,1766,481,state,54,2,1
12,2021-07-11,202128,894470,881935,False,False,86467,9666.84182,2021-07-11,0.0204,1766,482,state,13,0,1
12,2021-07-12,202128,894470,881935,False,False,86481,9668.40699,2021-07-12,0.0204,1767,483,state,14,1,1
12,2021-07-13,202128,894470,881935,False,False,86492,9669.63677,2021-07-13,0.0205,1770,484,state,11,3,1
12,2021-07-14,202128,894470,881935,False,False,86544,9675.45027,2021-07-14,0.0205,1771,485,state,52,1,1
12,2021-07-15,202128,894470,881935,False,False,86595,9681.15197,2021-07-15,0.0205,1774,486,state,51,3,1
12,2021-07-16,202128,894470,881935,False,False,86644,9686.63007,2021-07-16,0.0205,1776,487,state,49,2,1
12,2021-07-17,202128,894470,881935,False,False,86664,9688.86603,2021-07-17,0.0205,1776,488,state,20,0,1
12,2021-07-18,202129,894470,881935,False,False,86680,9690.6548,2021-07-18,0.0205,1777,489,state,16,1,1
12,2021-07-19,202129,894470,881935,False,False,86729,9696.13291,2021-07-19,0.0205,1779,490,state,49,2,1
12,2021-07-20,202129,894470,881935,False,False,86743,9697.69808,2021-07-20,0.0205,1780,491,state,14,1,1
12,2021-07-21,202129,894470,881935,False,False,86757,9699.26325,2021-07-21,0.0206,1791,492,state,14,11,1
12,2021-07-22,202129,894470,881935,False,False,86844,9708.98968,2021-07-22,0.0206,1793,493,state,87,2,1
12,2021-07-23,202129,894470,881935,False,False,86855,9710.21946,2021-07-23,0.0207,1796,494,state,11,3,1
12,2021-07-24,202129,894470,881935,False,False,86936,9719.2751,2021-07-24,0.0207,1796,495,state,81,0,1
12,2021-07-25,202130,894470,881935,False,False,86952,9721.06387,2021-07-25,0.0207,1796,496,state,16,0,1
12,2021-07-26,202130,894470,881935,False,False,86987,9724.9768,2021-07-26,0.0207,1797,497,state,35,1,1
12,2021-07-27,202130,894470,881935,False,False,86999,9726.31838,2021-07-27,0.0207,1797,498,state,12,0,1
12,2021-07-28,202130,894470,881935,False,False,87053,9732.35547,2021-07-28,0.0207,1798,499,state,54,1,1
12,2021-07-29,202130,894470,881935,False,False,87073,9734.59143,2021-07-29,0.0206,1798,500,state,20,0,1
12,2021-07-30,202130,894470,881935,False,False,87128,9740.74033,2021-07-30,0.0206,1798,501,state,55,0,1
12,2021-07-31,202130,894470,881935,False,False,87141,9742.1937,2021-07-31,0.0206,1799,502,state,13,1,1
12,2021-08-01,202131,894470,881935,False,False,87147,9742.86449,2021-08-01,0.0207,1800,503,state,6,1,1
12,2021-08-02,202131,894470,881935,False,False,87186,9747.22461,2021-08-02,0.0207,1802,504,state,39,2,1
12,2021-08-03,202131,894470,881935,False,False,87188,9747.44821,2021-08-03,0.0207,1802,505,state,2,0,1
12,2021-08-04,202131,894470,881935,False,False,87232,9752.36732,2021-08-04,0.0207,1802,506,state,44,0,1
12,2021-08-05,202131,894470,881935,False,False,87291,9758.96341,2021-08-05,0.0206,1802,507,state,59,0,1
12,2021-08-06,202131,894470,881935,False,False,87379,9768.80164,2021-08-06,0.0206,1804,508,state,88,2,1
12,2021-08-07,202131,894470,881935,False,False,87389,9769.91962,2021-08-07,0.0206,1804,509,state,10,0,1
12,2021-08-08,202132,894470,881935,False,False,87389,9769.91962,2021-08-08,0.0206,1804,510,state,0,0,1
12,2021-08-09,202132,894470,881935,False,False,87422,9773.60895,2021-08-09,0.0206,1804,511,state,33,0,1
12,2021-08-10,202132,894470,881935,False,False,87423,9773.72075,2021-08-10,0.0206,1804,512,state,1,0,1
12,2021-08-11,202132,894470,881935,False,False,87468,9778.75166,2021-08-11,0.0206,1805,513,state,45,1,1
12,2021-08-12,202132,894470,881935,False,False,87476,9779.64605,2021-08-12,0.0207,1807,514,state,8,2,1
12,2021-08-13,202132,894470,881935,False,False,87485,9780.65223,2021-08-13,0.0207,1807,515,state,9,0,1
12,2021-08-14,202132,894470,881935,False,False,87487,9780.87583,2021-08-14,0.0207,1807,516,state,2,0,1
12,2021-08-15,202133,894470,881935,False,False,87489,9781.09942,2021-08-15,0.0207,1807,517,state,2,0,1
12,2021-08-16,202133,894470,881935,False,False,87492,9781.43482,2021-08-16,0.0207,1808,518,state,3,1,1
12,2021-08-17,202133,894470,881935,False,False,87602,9793.7326,2021-08-17,0.0206,1808,519,state,110,0,1
12,2021-08-18,202133,894470,881935,False,False,87607,9794.29159,2021-08-18,0.0206,1808,520,state,5,0,1
12,2021-08-19,202133,894470,881935,False,False,87638,9797.75733,2021-08-19,0.0206,1808,521,state,31,0,1
12,2021-08-20,202133,894470,881935,False,False,87671,9801.44667,2021-08-20,0.0206,1809,522,state,33,1,1
12,2021-08-21,202133,894470,881935,False,False,87678,9802.22925,2021-08-21,0.0206,1809,523,state,7,0,1
12,2021-08-22,202134,894470,881935,False,False,87680,9802.45285,2021-08-22,0.0206,1809,524,state,2,0,1
12,2021-08-23,202134,894470,881935,False,False,87682,9802.67645,2021-08-23,0.0207,1811,525,state,2,2,1
12,2021-08-24,202134,894470,881935,False,False,87724,9807.37196,2021-08-24,0.0206,1811,526,state,42,0,1
12,2021-08-25,202134,894470,881935,False,False,87729,9807.93095,2021-08-25,0.0207,1813,527,state,5,2,1
12,2021-08-26,202134,894470,881935,False,False,87761,9811.50849,2021-08-26,0.0207,1813,528,state,32,0,1
12,2021-08-27,202134,894470,881935,False,False,87798,9815.64502,2021-08-27,0.0206,1813,529,state,37,0,1
12,2021-08-28,202134,894470,881935,False,False,87802,9816.09221,2021-08-28,0.0206,1813,530,state,4,0,1
12,2021-08-29,202135,894470,881935,False,False,87803,9816.20401,2021-08-29,0.0207,1814,531,state,1,1,1
12,2021-08-30,202135,894470,881935,False,False,87804,9816.31581,2021-08-30,0.0207,1814,532,state,1,0,1
12,2021-08-31,202135,894470,881935,False,False,87823,9818.43997,2021-08-31,0.0207,1814,533,state,19,0,1
12,2021-09-01,202135,894470,881935,False,False,87831,9819.33435,2021-09-01,0.0207,1814,534,state,8,0,1
12,2021-09-02,202135,894470,881935,False,False,87835,9819.78155,2021-09-02,0.0207,1814,535,state,4,0,1
12,2021-09-03,202135,894470,881935,False,False,87855,9822.01751,2021-09-03,0.0206,1814,536,state,20,0,1
12,2021-09-04,202135,894470,881935,False,False,87875,9824.25347,2021-09-04,0.0206,1814,537,state,20,0,1
12,2021-09-05,202136,894470,881935,False,False,87875,9824.25347,2021-09-05,0.0206,1814,538,state,0,0,1
12,2021-09-06,202136,894470,881935,False,False,87877,9824.47706,2021-09-06,0.0206,1814,539,state,2,0,1
12,2021-09-07,202136,894470,881935,False,False,87899,9826.93662,2021-09-07,0.0206,1815,540,state,22,1,1
12,2021-09-08,202136,894470,881935,False,False,87900,9827.04842,2021-09-08,0.0206,1815,541,state,1,0,1
12,2021-09-09,202136,894470,881935,False,False,87903,9827.38381,2021-09-09,0.0206,1815,542,state,3,0,1
12,2021-09-10,202136,894470,881935,False,False,87907,9827.83101,2021-09-10,0.0207,1816,543,state,4,1,1
12,2021-09-11,202136,894470,881935,False,False,87907,9827.83101,2021-09-11,0.0207,1816,544,state,0,0,1
12,2021-09-12,202137,894470,881935,False,False,87911,9828.2782,2021-09-12,0.0207,1816,545,state,4,0,1
12,2021-09-13,202137,894470,881935,False,False,87914,9828.61359,2021-09-13,0.0207,1816,546,state,3,0,1
12,2021-09-14,202137,894470,881935,False,False,87914,9828.61359,2021-09-14,0.0207,1816,547,state,0,0,1
12,2021-09-15,202137,894470,881935,False,False,87916,9828.83719,2021-09-15,0.0207,1816,548,state,2,0,1
12,2021-09-16,202137,894470,881935,False,False,87924,9829.73157,2021-09-16,0.0207,1816,549,state,8,0,1
12,2021-09-17,202137,894470,881935,False,False,87925,9829.84337,2021-09-17,0.0207,1817,550,state,1,1,1
12,2021-09-18,202137,894470,881935,False,False,87930,9830.40236,2021-09-18,0.0207,1817,551,state,5,0,1
12,2021-09-19,202138,894470,881935,False,False,87932,9830.62596,2021-09-19,0.0207,1817,552,state,2,0,1
12,2021-09-20,202138,894470,881935,False,False,87932,9830.62596,2021-09-20,0.0207,1817,553,state,0,0,1
12,2021-09-21,202138,894470,881935,False,False,87932,9830.62596,2021-09-21,0.0209,1835,554,state,0,18,1
12,2021-09-22,202138,894470,881935,False,False,87932,9830.62596,2021-09-22,0.0209,1835,555,state,0,0,1
12,2021-09-23,202138,894470,881935,False,False,87934,9830.84955,2021-09-23,0.0209,1836,556,state,2,1,1
12,2021-09-24,202138,894470,881935,False,False,87937,9831.18495,2021-09-24,0.0209,1836,557,state,3,0,1
12,2021-09-25,202138,894470,881935,False,False,87938,9831.29675,2021-09-25,0.0209,1836,558,state,1,0,1
12,2021-09-26,202139,894470,881935,False,False,87938,9831.29675,2021-09-26,0.0209,1836,559,state,0,0,1
12,2021-09-27,202139,894470,881935,False,False,87939,9831.40854,2021-09-27,0.0209,1836,560,state,1,0,1
12,2021-09-28,202139,894470,881935,False,False,87940,9831.52034,2021-09-28,0.0209,1837,561,state,1,1,1
12,2021-09-29,202139,894470,881935,False,False,87923,9829.61977,2021-09-29,0.0209,1837,562,state,-17,0,1
12,2021-09-30,202139,894470,881935,False,False,87924,9829.73157,2021-09-30,0.0209,1838,563,state,1,1,1
12,2021-10-01,202139,894470,881935,False,False,87925,9829.84337,2021-10-01,0.0209,1838,564,state,1,0,1
12,2021-10-02,202139,894470,881935,False,False,87926,9829.95517,2021-10-02,0.0209,1838,565,state,1,0,1
12,2021-10-03,202140,894470,881935,False,False,87926,9829.95517,2021-10-03,0.0209,1838,566,state,0,0,1
12,2021-10-04,202140,894470,881935,False,False,87930,9830.40236,2021-10-04,0.0209,1838,567,state,4,0,1
12,2021-10-05,202140,894470,881935,False,False,87931,9830.51416,2021-10-05,0.0209,1839,568,state,1,1,1
12,2021-10-06,202140,894470,881935,False,False,87931,9830.51416,2021-10-06,0.0209,1839,569,state,0,0,1
12,2021-10-07,202140,894470,881935,False,False,87938,9831.29675,2021-10-07,0.0209,1839,570,state,7,0,1
12,2021-10-08,202140,894470,881935,False,False,87940,9831.52034,2021-10-08,0.0209,1839,571,state,2,0,1
12,2021-10-09,202140,894470,881935,False,False,87944,9831.96753,2021-10-09,0.0209,1840,572,state,4,1,1
12,2021-10-10,202141,894470,881935,False,False,87944,9831.96753,2021-10-10,0.0209,1840,573,state,0,0,1
12,2021-10-11,202141,894470,881935,False,False,87944,9831.96753,2021-10-11,0.0209,1840,574,state,0,0,1
12,2021-10-12,202141,894470,881935,False,False,87944,9831.96753,2021-10-12,0.0209,1840,575,state,0,0,1
12,2021-10-13,202141,894470,881935,False,False,87968,9834.65069,2021-10-13,0.0209,1841,576,state,24,1,1
12,2021-10-14,202141,894470,881935,False,False,87994,9837.55744,2021-10-14,0.0209,1841,577,state,26,0,1
12,2021-10-15,202141,894470,881935,False,False,88001,9838.34002,2021-10-15,0.0209,1842,578,state,7,1,1
12,2021-10-16,202141,894470,881935,False,False,88005,9838.78721,2021-10-16,0.0209,1842,579,state,4,0,1
12,2021-10-17,202142,894470,881935,False,False,88007,9839.01081,2021-10-17,0.0209,1842,580,state,2,0,1
12,2021-10-18,202142,894470,881935,False,False,88010,9839.34621,2021-10-18,0.0209,1842,581,state,3,0,1
12,2021-10-19,202142,894470,881935,False,False,88011,9839.458,2021-10-19,0.0209,1842,582,state,1,0,1
12,2021-10-20,202142,894470,881935,False,False,88019,9840.35239,2021-10-20,0.0209,1842,583,state,8,0,1
12,2021-10-21,202142,894470,881935,False,False,88022,9840.68778,2021-10-21,0.0209,1842,584,state,3,0,1
12,2021-10-22,202142,894470,881935,False,False,88023,9840.79958,2021-10-22,0.0209,1843,585,state,1,1,1
12,2021-10-23,202142,894470,881935,False,False,88024,9840.91138,2021-10-23,0.0209,1844,586,state,1,1,1
12,2021-10-24,202143,894470,881935,False,False,88033,9841.91756,2021-10-24,0.0209,1844,587,state,9,0,1
12,2021-10-25,202143,894470,881935,False,False,88038,9842.47655,2021-10-25,0.0209,1844,588,state,5,0,1
12,2021-10-26,202143,894470,881935,False,False,88040,9842.70015,2021-10-26,0.021,1845,589,state,2,1,1
12,2021-10-27,202143,894470,881935,False,False,88047,9843.48273,2021-10-27,0.021,1845,590,state,7,0,1
12,2021-10-28,202143,894470,881935,False,False,88049,9843.70633,2021-10-28,0.021,1845,591,state,2,0,1
12,2021-10-29,202143,894470,881935,False,False,88050,9843.81813,2021-10-29,0.021,1845,592,state,1,0,1
12,2021-10-30,202143,894470,881935,False,True,88050,9843.81813,2021-10-29,0.021,1845,593,state,0,0,1
12,2021-10-31,202144,894470,881935,False,True,88050,9843.81813,2021-10-29,0.021,1845,594,state,0,0,1
12,2021-11-01,202144,894470,881935,False,True,88050,9843.81813,2021-10-29,0.021,1845,595,state,0,0,1
12,2021-11-02,202144,894470,881935,False,True,88050,9843.81813,2021-10-29,0.021,1845,596,state,0,0,1
12,2021-11-03,202144,894470,881935,False,False,88053,9844.15352,2021-11-03,0.021,1845,597,state,3,0,1
12,2021-11-04,202144,894470,881935,False,True,88053,9844.15352,2021-11-03,0.021,1845,598,state,0,0,1
12,2021-11-05,202144,894470,881935,False,False,88060,9844.93611,2021-11-05,0.021,1845,599,state,7,0,1
12,2021-11-06,202144,894470,881935,False,False,88066,9845.6069,2021-11-06,0.021,1845,600,state,6,0,1
12,2021-11-07,202145,894470,881935,False,False,88068,9845.83049,2021-11-07,0.0209,1845,601,state,2,0,1
12,2021-11-08,202145,894470,881935,False,True,88068,9845.83049,2021-11-07,0.0209,1845,602,state,0,0,1
12,2021-11-09,202145,894470,881935,False,False,88073,9846.38948,2021-11-09,0.0209,1845,603,state,5,0,1
12,2021-11-10,202145,894470,881935,False,False,88078,9846.94847,2021-11-10,0.0209,1845,604,state,5,0,1
12,2021-11-11,202145,894470,881935,False,False,88089,9848.17825,2021-11-11,0.0209,1845,605,state,11,0,1
12,2021-11-12,202145,894470,881935,False,False,88094,9848.73724,2021-11-12,0.0209,1845,606,state,5,0,1
12,2021-11-13,202145,894470,881935,False,False,88104,9849.85522,2021-11-13,0.0209,1845,607,state,10,0,1
12,2021-11-14,202146,894470,881935,False,False,88109,9850.41421,2021-11-14,0.0209,1845,608,state,5,0,1
12,2021-11-15,202146,894470,881935,False,False,88110,9850.52601,2021-11-15,0.0209,1845,609,state,1,0,1
12,2021-11-16,202146,894470,881935,False,False,88113,9850.8614,2021-11-16,0.0209,1845,610,state,3,0,1
12,2021-11-17,202146,894470,881935,False,False,88114,9850.9732,2021-11-17,0.0209,1845,611,state,1,0,1
12,2021-11-18,202146,894470,881935,False,False,88120,9851.64399,2021-11-18,0.0209,1845,612,state,6,0,1
12,2021-11-19,202146,894470,881935,False,False,88127,9852.42658,2021-11-19,0.0209,1845,613,state,7,0,1
12,2021-11-20,202146,894470,881935,False,False,88134,9853.20916,2021-11-20,0.0209,1845,614,state,7,0,1
12,2021-11-21,202147,894470,881935,False,False,88137,9853.54456,2021-11-21,0.0209,1845,615,state,3,0,1
12,2021-11-22,202147,894470,881935,True,False,88139,9853.76815,2021-11-22,0.0209,1845,616,state,2,0,1
27,2020-03-08,202011,3351543,3337357,False,False,1,0.02984,2020-03-08,0.0,0,1,state,1,0,2
27,2020-03-09,202011,3351543,3337357,False,False,1,0.02984,2020-03-09,0.0,0,2,state,0,0,2
27,2020-03-10,202011,3351543,3337357,False,False,1,0.02984,2020-03-10,0.0,0,3,state,0,0,2
27,2020-03-11,202011,3351543,3337357,False,True,1,0.02984,2020-03-10,0.0,0,4,state,0,0,2
27,2020-03-12,202011,3351543,3337357,False,False,1,0.02984,2020-03-12,0.0,0,5,state,0,0,2
27,2020-03-13,202011,3351543,3337357,False,False,1,0.02984,2020-03-13,0.0,0,6,state,0,0,2
27,2020-03-14,202011,3351543,3337357,False,True,1,0.02984,2020-03-13,0.0,0,7,state,0,0,2
27,2020-03-15,202012,3351543,3337357,False,True,1,0.02984,2020-03-13,0.0,0,8,state,0,0,2
27,2020-03-16,202012,3351543,3337357,False,False,1,0.02984,2020-03-16,0.0,0,9,state,0,0,2
27,2020-03-17,202012,3351543,3337357,False,False,1,0.02984,2020-03-17,0.0,0,10,state,0,0,2
27,2020-03-18,202012,3351543,3337357,False,False,1,0.02984,2020-03-18,0.0,0,11,state,0,0,2
27,2020-03-19,202012,3351543,3337357,False,False,4,0.11935,2020-03-19,0.0,0,12,state,3,0,2
27,2020-03-20,202012,3351543,3337357,False,False,6,0.17902,2020-03-20,0.0,0,13,state,2,0,2
27,2020-03-21,202012,3351543,3337357,False,False,7,0.20886,2020-03-21,0.0,0,14,state,1,0,2
27,2020-03-22,202013,3351543,3337357,False,False,7,0.20886,2020-03-22,0.0,0,15,state,0,0,2
27,2020-03-23,202013,3351543,3337357,False,False,8,0.2387,2020-03-23,0.0,0,16,state,1,0,2
27,2020-03-24,202013,3351543,3337357,False,False,10,0.29837,2020-03-24,0.0,0,17,state,2,0,2
27,2020-03-25,202013,3351543,3337357,False,False,11,0.32821,2020-03-25,0.0,0,18,state,1,0,2
27,2020-03-26,202013,3351543,3337357,False,False,11,0.32821,2020-03-26,0.0,0,19,state,0,0,2
27,2020-03-27,202013,3351543,3337357,False,False,12,0.35804,2020-03-27,0.0,0,20,state,1,0,2
27,2020-03-28,202013,3351543,3337357,False,False,14,0.41772,2020-03-28,0.0,0,21,state,2,0,2
27,2020-03-29,202014,3351543,3337357,False,False,17,0.50723,2020-03-29,0.0,0,22,state,3,0,2
27,2020-03-30,202014,3351543,3337357,False,False,17,0.50723,2020-03-30,0.0,0,23,state,0,0,2
27,2020-03-31,202014,3351543,3337357,False,False,18,0.53707,2020-03-31,0.0556,1,24,state,1,1,2
27,2020-04-01,202014,3351543,3337357,False,False,18,0.53707,2020-04-01,0.0556,1,25,state,0,0,2
